{"type": "block", "layer": 1, "block": 0, "features": [{"geom": {"v": [-41.90839515418892, -58.07046909632495, 0.0, -41.97864659573539, -58.07046909632495, 0.0, -41.97864659573539, -58.000217654778474, 0.0, -18.93617376849483, 55.45586044276092, 0.0, -18.7956708854019, 55.45586044276092, 0.0, -18.7956708854019, 55.38560900121447, 0.0], "f": [0, 1, 2, 3, 4, 5], "centroids": [[-26.586844919547794, -3.325988444412726, 0.0]]}, "mtl": 0, "prop": ["Suitable Ibex corridor"], "lh": 0.0}]}