{"type": "block", "layer": 3, "block": 0, "features": [{"geom": {"pts": [[19.091356043283604, -11.629011563980717, 4.372270770197146]], "r": 0.9996780132061988}, "mtl": 0, "prop": ["Álora"], "lh": 0.0}]}