{"type": "block", "layer": 4, "block": 0, "features": [{"geom": {"pts": [[-25.435545626472983, 11.191025541769218, 20.23826416388132]], "scale": 1}, "mtl": 0, "prop": ["Lonely Ibex"], "lh": 16.86034597115163}]}