{"type": "block", "layer": 5, "block": 0, "features": [{"geom": {"pts": [[-19.81312768329, 81.37917515105195, 23.296115948515]], "scale": 1}, "mtl": 0, "prop": ["North-west habitat area (destination)"], "lh": 14.752802724757677}, {"geom": {"pts": [[4.53631469589072, 79.70631269751914, 26.404533849491298]], "scale": 1}, "mtl": 0, "prop": ["North-east habitat area (destination)"], "lh": 14.752802724757677}]}