{"type": "block", "layer": 6, "block": 0, "features": [{"geom": {"pts": [[-19.627254077342045, -73.45353860358516, 12.650617094099337]], "scale": 2}, "mtl": 0, "prop": ["South-west habitat area (source)"], "lh": 3.1613148695909308}, {"geom": {"pts": [[43.38389833901167, -77.35688432849179, 11.119864595697365]], "scale": 2}, "mtl": 0, "prop": ["South-east habitat area (source)"], "lh": 3.1613148695909308}]}