{"type": "block", "layer": 8, "block": 0, "features": [{"geom": {"polygons": [[[[23.426589991191804, -82.62073522304703], [22.10426174857716, -79.57931782888716], [20.63136299997417, -76.00870401055752], [20.626304896178105, -75.99512440690523], [19.465898609861, -72.42470026747272], [19.458451957059953, -72.39424626755604], [19.457700266629963, -72.38936379236647], [19.27926160510586, -71.14028613653288], [19.27714001157016, -71.11048547502499], [19.27714001157016, -69.10304350768948], [19.279121102219364, -69.07424744180335], [19.445125258592878, -67.87071379551784], [18.240025005165794, -66.37472339806865], [16.41638890949153, -65.54974666970001], [14.859427285927385, -64.92696764040107], [14.82879502328428, -64.91172379192186], [14.801034287714533, -64.89172249217073], [13.596573322399086, -63.86570018837939], [13.573839190075866, -63.84314185602063], [13.554787723817263, -63.81739771562503], [13.539859333639615, -63.78906289079645], [12.959933683674851, -62.45076590420409], [12.953976361430087, -62.43540191393191], [12.952149823951453, -62.4298309746201], [12.506053170131404, -61.0023216823881], [12.499206392052498, -60.97335795546085], [12.496504854345813, -60.94371883365397], [12.498002354932158, -60.91399454493927], [12.692233540520148, -59.31845082967396], [12.698433827516276, -59.28728573989259], [12.709255464803238, -59.257409352119055], [13.200432468666223, -58.16858225958883], [13.210316846489413, -58.14192183752248], [13.440903153076377, -57.3580562527465], [13.608389614867411, -56.60434961182361], [13.124146428289718, -55.68773690310343], [13.118772193013772, -55.676819829090356], [12.63868086662503, -54.625218975439694], [11.718049775450535, -53.59912642020837], [11.708607981703123, -53.587829988401104], [11.70338127445244, -53.580818894537074], [10.26935967360114, -51.57165576688943], [9.068804688434739, -50.96240716522564], [7.970816807930092, -50.38551637752937], [7.95630286010256, -50.37713538055308], [7.248617938543123, -49.93016058371371], [7.224430236290136, -49.91205353493817], [7.203081938533284, -49.890672226781874], [7.1850122833636565, -49.86645657651959], [6.292818975723547, -48.47240102076582], [6.280679502877662, -48.45071536907761], [6.271177270108918, -48.427751443833564], [6.264444418483817, -48.403828588672745], [6.134331723597597, -47.80903070852219], [6.130029833022698, -47.77946646160551], [6.129955058791559, -47.74959096383537], [6.222890690808825, -46.39271247094402], [6.227625131782711, -46.360467232100014], [6.237278186040474, -46.32933864551387], [6.739133409015374, -45.06539578464633], [6.7504036584176585, -45.04151184754294], [6.764567638930075, -45.01922188053786], [6.78140370139384, -44.998874694642424], [7.35761305010011, -44.38548828307375], [7.3815133536077155, -44.36367920260155], [7.40846806863601, -44.34578216830676], [8.818878159986564, -43.55815110627479], [9.923111393647732, -42.560770315199015], [10.458462503953092, -41.455539511074505], [10.404720151167435, -40.05832264044331], [10.404565597996863, -40.050222649226924], [10.405963601683798, -40.02598590189863], [10.610423397162617, -38.26018079290435], [10.611898677434839, -38.24973440354827], [10.62074333392281, -38.215135568594484], [10.955617905490222, -37.266319599064275], [10.969000805106655, -37.23616065521121], [10.980978675890851, -37.21663777959823], [11.854702879543789, -35.95252631526951], [12.477306280249334, -35.05525382841052], [12.962111478366456, -34.049723870114306], [13.269173504220488, -32.76729785496899], [13.416518877716276, -31.072840110018817], [13.418598320386677, -31.056408297843294], [13.419722343452467, -31.05026129670798], [13.717117770948562, -29.544681577486127], [13.72429746828031, -29.51780337595453], [14.077584942672438, -28.476550559638746], [14.088550883106121, -28.450342214958848], [14.102943195050855, -28.42584751068541], [14.120500173197769, -28.403511850882122], [14.140902566933612, -28.383741380217366], [14.862455123057094, -27.773193126881303], [15.788622027829957, -26.921120417502745], [15.796602591589215, -26.91414444936524], [17.196629519884908, -25.7504784961495], [17.757257098853774, -24.716826885811873], [17.969023044253685, -23.693263382485124], [17.932646847818777, -22.4019716354159], [17.802794083269635, -20.39838647222537], [17.803206355608168, -20.36578740393848], [17.808646028347887, -20.333642743696046], [17.994517292388966, -19.590150662373368], [17.999645647624995, -19.57283368203322], [18.00655838947437, -19.55528487193721], [18.396896474139567, -18.681680095728325], [18.410266307938894, -18.65648894420554], [18.42691446065683, -18.63333326278461], [18.446536142733795, -18.612636978978237], [20.56551632380842, -16.660939530513506], [20.58531350061238, -16.644812668487138], [20.60691621352786, -16.631199194173366], [20.63000714715253, -16.62029907157783], [21.7325964970803, -16.17926052154076], [22.96369680902619, -15.49129517962363], [23.52228007105118, -14.985077342126761], [24.00245569916396, -14.281965789415779], [24.177381788617268, -13.232465453858351], [24.16057061865411, -12.577012479092387], [23.830445044541626, -11.951514718991788], [23.819886252873733, -11.928170164960353], [23.373789599053683, -10.757162936116618], [23.36644364624251, -10.733922638422703], [23.361832803705408, -10.709989093119214], [23.287738608304565, -10.154314240779918], [22.04273553607464, -2.071077999279869], [22.0413234820971, -2.059971246369699], [21.967468141603952, -1.3214389168218852], [21.709048213874237, 0.4136522619317416], [21.45789931034563, 1.561743470542279], [21.031142878380226, 2.2616304820942315], [19.889528852675486, 3.1676773740012223], [19.8835996310054, 3.1725598491907965], [18.73118093359286, 4.1576958139999975], [18.72759108493025, 4.160829028296227], [18.02017311884665, 4.793808566917853], [17.995486762284184, 4.820419812967074], [17.992465950299785, 4.824396044569165], [14.962717980437912, 8.913627079819719], [14.958242963610669, 8.919907558702777], [14.516080390514341, 9.564724465215557], [12.940066576007291, 11.56719263048561], [12.932823652380865, 11.577020807159421], [11.800651420416985, 13.210324672255956], [10.99007623757059, 14.315646803256378], [9.86262490248041, 15.590963372516464], [9.84207055382742, 15.618433017995715], [9.826241680900205, 15.648871635788225], [9.138508168738912, 17.284557024737907], [9.129135493820783, 17.311992157336487], [9.123617090835989, 17.34045407512857], [9.122057412650552, 17.369404048181114], [9.124485981004305, 17.39829410861105], [9.236220898785785, 18.124525410729856], [9.236916388053329, 18.128599994340075], [9.478546221255801, 19.46689698094552], [9.479445439704504, 19.471547626379234], [9.869579795188542, 21.38509151694104], [10.180955259553947, 22.996940591779442], [10.125814903087893, 25.000982389349453], [10.088869669974788, 27.180189131260835], [9.853499240219444, 28.628591202204984], [9.249133113738683, 30.112034692191777], [9.244981253543184, 30.12312036966603], [9.238426794045528, 30.14651409970153], [8.850392956667818, 31.920391099317882], [8.452179685403326, 33.133120659304325], [7.912978796104831, 34.03179114985679], [7.378562029968161, 34.72654278102739], [6.319275668615287, 35.56669382077112], [5.703458557163232, 36.07380385157794], [4.887424837303755, 36.49088666003354], [4.868063540013178, 36.502112840400834], [4.84064440237807, 36.523448203201845], [4.40512761564873, 36.924134325195375], [3.680554247540846, 37.20688935228767], [2.6823936654734704, 37.58800342267723], [1.7034468526648583, 37.714905626681954], [1.689213910610321, 37.717244999689434], [0.7598435401012571, 37.90312328886925], [0.7494393016104772, 37.90547671216734], [0.7168847836005687, 37.916618590790954], [-0.3056038726775512, 38.36279954634159], [-0.3139567690791545, 38.36666337563188], [-1.2990857087430696, 38.84993709231434], [-1.3215380694580225, 38.86271582953259], [-1.3397261676722005, 38.87603550284781], [-1.953105554108664, 39.37789775097455], [-1.9623857695336588, 39.38595559131909], [-1.9830326682058919, 39.40788106622115], [-2.391959284302297, 